prompt,draft_model,variable,value
0,6700,latency,10.50554037
0,6700,tar,0.4375
1,6700,latency,9.828249216
1,6700,tar,0.40625
2,6700,latency,7.343770027
2,6700,tar,0.583333333
3,6700,latency,8.562078238
3,6700,tar,0.464285714
4,6700,latency,8.631518841
4,6700,tar,0.464285714
5,6700,latency,13.60806727
5,6700,tar,0.204545455
6,6700,latency,10.04141641
6,6700,tar,0.375
7,6700,latency,7.359733582
7,6700,tar,0.666666667
8,6700,latency,6.172903061
8,6700,tar,0.9
9,6700,latency,7.226723909
9,6700,tar,0.583333333
10,6700,latency,8.693094492
10,6700,tar,0.535714286
11,6700,latency,7.368272543
11,6700,tar,0.625
12,6700,latency,9.93470335
12,6700,tar,0.375
13,6700,latency,10.03782296
13,6700,tar,0.5
14,6700,latency,7.538843632
14,6700,tar,0.666666667
15,6700,latency,6.20800066
15,6700,tar,0.75
16,6700,latency,8.669575453
16,6700,tar,0.5
17,6700,latency,9.976569891
17,6700,tar,0.46875
18,6700,latency,8.732936144
18,6700,tar,0.5
19,6700,latency,7.080153465
19,6700,tar,0.666666667
20,6700,latency,9.873790979
20,6700,tar,0.4375
21,6700,latency,8.682435513
21,6700,tar,0.5
22,6700,latency,11.39978814
22,6700,tar,0.305555556
23,6700,latency,9.972332716
23,6700,tar,0.4375
24,6700,latency,7.575427055
24,6700,tar,0.708333333
25,6700,latency,8.82572484
25,6700,tar,0.535714286
26,6700,latency,11.1607008
26,6700,tar,0.416666667
27,6700,latency,8.798035622
27,6700,tar,0.571428571
28,6700,latency,10.16138697
28,6700,tar,0.375
29,6700,latency,7.50888133
29,6700,tar,0.666666667
30,6700,latency,11.32069159
30,6700,tar,0.305555556
31,6700,latency,16.57715082
31,6700,tar,0.173076923
32,6700,latency,7.615020752
32,6700,tar,0.583333333
33,6700,latency,7.714719296
33,6700,tar,0.75
34,6700,latency,7.628922701
34,6700,tar,0.583333333
35,6700,latency,11.44460607
35,6700,tar,0.305555556
36,6700,latency,10.14729261
36,6700,tar,0.4375
37,6700,latency,8.884946823
37,6700,tar,0.535714286
38,6700,latency,8.830574989
38,6700,tar,0.607142857
39,6700,latency,11.44405937
39,6700,tar,0.305555556
40,6700,latency,7.483561516
40,6700,tar,0.583333333
41,6700,latency,12.67215037
41,6700,tar,0.25
42,6700,latency,7.613092184
42,6700,tar,0.583333333
43,6700,latency,10.06249547
43,6700,tar,0.40625
44,6700,latency,12.61981821
44,6700,tar,0.325
45,6700,latency,6.243679762
45,6700,tar,0.9
46,6700,latency,13.85995674
46,6700,tar,0.227272727
47,6700,latency,6.351777554
47,6700,tar,0.8
48,6700,latency,12.59275293
48,6700,tar,0.275
49,6700,latency,8.749657154
49,6700,tar,0.571428571
50,6700,latency,9.944904566
50,6700,tar,0.40625
51,6700,latency,8.627949953
51,6700,tar,0.5
52,6700,latency,8.8033216
52,6700,tar,0.571428571
53,6700,latency,8.666031122
53,6700,tar,0.571428571
54,6700,latency,8.825747252
54,6700,tar,0.5
55,6700,latency,9.962660789
55,6700,tar,0.46875
56,6700,latency,8.870242357
56,6700,tar,0.571428571
57,6700,latency,8.835016966
57,6700,tar,0.464285714
58,6700,latency,4.97599721
58,6700,tar,1
59,6700,latency,6.252310038
59,6700,tar,0.85
60,6700,latency,6.348938465
60,6700,tar,0.9
61,6700,latency,11.40190911
61,6700,tar,0.416666667
62,6700,latency,10.10039067
62,6700,tar,0.4375
63,6700,latency,7.597409725
63,6700,tar,0.75
64,6700,latency,8.832073212
64,6700,tar,0.5
65,6700,latency,8.887282133
65,6700,tar,0.5
66,6700,latency,7.582464933
66,6700,tar,0.666666667
67,6700,latency,11.29820895
67,6700,tar,0.388888889
68,6700,latency,10.74802423
68,6700,tar,0.388888889
69,6700,latency,7.525207043
69,6700,tar,0.708333333
70,6700,latency,10.09169674
70,6700,tar,0.5
72,6700,latency,7.546420574
72,6700,tar,0.666666667
73,6700,latency,5.002505541
73,6700,tar,1
74,6700,latency,7.522774935
74,6700,tar,0.625
75,6700,latency,8.832256079
75,6700,tar,0.571428571
76,6700,latency,11.34284902
76,6700,tar,0.361111111
77,6700,latency,15.4992485
77,6700,tar,0.25
78,6700,latency,9.979506969
78,6700,tar,0.375
79,6700,latency,6.161469936
79,6700,tar,0.8
80,6700,latency,5.057020664
80,6700,tar,1
81,6700,latency,13.76632071
81,6700,tar,0.272727273
82,6700,latency,7.460113764
82,6700,tar,0.666666667
83,6700,latency,8.792354107
83,6700,tar,0.535714286
84,6700,latency,8.872871161
84,6700,tar,0.607142857
85,6700,latency,8.898104906
85,6700,tar,0.607142857
86,6700,latency,9.334910154
86,6700,tar,0.40625
87,6700,latency,8.731670618
87,6700,tar,0.571428571
88,6700,latency,8.735199451
88,6700,tar,0.5
89,6700,latency,7.346842527
89,6700,tar,0.625
90,6700,latency,6.411441565
90,6700,tar,0.95
91,6700,latency,7.052091122
91,6700,tar,0.666666667
92,6700,latency,6.335974216
92,6700,tar,0.8
93,6700,latency,7.441281557
93,6700,tar,0.583333333
94,6700,latency,7.447864294
94,6700,tar,0.708333333
95,6700,latency,7.539805174
95,6700,tar,0.75
96,6700,latency,7.503156185
96,6700,tar,0.625
97,6700,latency,9.603661299
97,6700,tar,0.46875
98,6700,latency,9.008385181
98,6700,tar,0.464285714
99,6700,latency,11.117594
99,6700,tar,0.388888889
0,2700,latency,5.727169514
0,2700,tar,0.708333333
1,2700,latency,7.561455488
1,2700,tar,0.4375
2,2700,latency,8.423319578
2,2700,tar,0.305555556
3,2700,latency,6.614456415
3,2700,tar,0.5
4,2700,latency,8.599664927
4,2700,tar,0.305555556
5,2700,latency,6.70494175
5,2700,tar,0.607142857
6,2700,latency,6.735407352
6,2700,tar,0.464285714
7,2700,latency,3.762821436
7,2700,tar,1
8,2700,latency,5.682537794
8,2700,tar,0.75
9,2700,latency,5.531622648
9,2700,tar,0.708333333
10,2700,latency,6.614440203
10,2700,tar,0.535714286
11,2700,latency,8.40989089
11,2700,tar,0.305555556
12,2700,latency,6.610382795
12,2700,tar,0.464285714
13,2700,latency,5.701833963
13,2700,tar,0.625
14,2700,latency,4.782609701
14,2700,tar,0.95
15,2700,latency,6.613190174
15,2700,tar,0.5
16,2700,latency,6.594632626
16,2700,tar,0.5
17,2700,latency,8.410180569
17,2700,tar,0.361111111
18,2700,latency,6.601115942
18,2700,tar,0.5
19,2700,latency,6.24834919
19,2700,tar,0.535714286
20,2700,latency,5.653306723
20,2700,tar,0.625
21,2700,latency,6.565354347
21,2700,tar,0.464285714
22,2700,latency,7.62042594
22,2700,tar,0.375
23,2700,latency,5.673611641
23,2700,tar,0.708333333
24,2700,latency,4.769510508
24,2700,tar,0.85
25,2700,latency,4.764702082
25,2700,tar,0.8
26,2700,latency,7.522076607
26,2700,tar,0.46875
27,2700,latency,7.582649469
27,2700,tar,0.375
28,2700,latency,5.738250494
28,2700,tar,0.583333333
29,2700,latency,4.715611935
29,2700,tar,0.8
30,2700,latency,7.6341784
30,2700,tar,0.375
31,2700,latency,8.635754824
31,2700,tar,0.388888889
32,2700,latency,5.754868031
32,2700,tar,0.75
33,2700,latency,5.784594536
33,2700,tar,0.708333333
34,2700,latency,7.678995132
34,2700,tar,0.375
35,2700,latency,8.652179003
35,2700,tar,0.305555556
36,2700,latency,6.681643486
36,2700,tar,0.464285714
37,2700,latency,6.706362486
37,2700,tar,0.5
38,2700,latency,5.687548161
38,2700,tar,0.708333333
39,2700,latency,6.738592148
39,2700,tar,0.607142857
40,2700,latency,5.661831379
40,2700,tar,0.625
41,2700,latency,8.572488308
41,2700,tar,0.333333333
42,2700,latency,7.660318613
42,2700,tar,0.375
43,2700,latency,7.520969152
43,2700,tar,0.40625
44,2700,latency,5.676575899
44,2700,tar,0.625
45,2700,latency,6.567048788
45,2700,tar,0.571428571
46,2700,latency,9.47987318
46,2700,tar,0.275
47,2700,latency,5.762330532
47,2700,tar,0.666666667
48,2700,latency,10.43782544
48,2700,tar,0.227272727
49,2700,latency,6.612919807
49,2700,tar,0.5
50,2700,latency,4.665282249
50,2700,tar,0.75
51,2700,latency,6.516020536
51,2700,tar,0.464285714
52,2700,latency,5.693093061
52,2700,tar,0.75
53,2700,latency,6.537756681
53,2700,tar,0.607142857
54,2700,latency,4.783278942
54,2700,tar,0.75
55,2700,latency,8.520751238
55,2700,tar,0.388888889
56,2700,latency,4.76599431
56,2700,tar,0.8
57,2700,latency,6.716991425
57,2700,tar,0.5
58,2700,latency,8.430020809
58,2700,tar,0.361111111
59,2700,latency,5.658192873
59,2700,tar,0.583333333
60,2700,latency,8.590455532
60,2700,tar,0.361111111
61,2700,latency,6.687841892
61,2700,tar,0.464285714
62,2700,latency,5.661913157
62,2700,tar,0.666666667
63,2700,latency,6.67967248
63,2700,tar,0.464285714
64,2700,latency,7.664943457
64,2700,tar,0.4375
65,2700,latency,3.816221952
65,2700,tar,1
66,2700,latency,6.67855978
66,2700,tar,0.607142857
67,2700,latency,9.473296881
67,2700,tar,0.35
68,2700,latency,9.071074247
68,2700,tar,0.25
69,2700,latency,7.519315958
69,2700,tar,0.375
70,2700,latency,6.629460096
70,2700,tar,0.607142857
72,2700,latency,7.585682869
72,2700,tar,0.5
73,2700,latency,5.670200825
73,2700,tar,0.666666667
74,2700,latency,7.534103155
74,2700,tar,0.4375
75,2700,latency,5.690024614
75,2700,tar,0.583333333
76,2700,latency,9.533960581
76,2700,tar,0.25
77,2700,latency,7.796065807
77,2700,tar,0.375
78,2700,latency,6.619055748
78,2700,tar,0.464285714
79,2700,latency,9.198018312
79,2700,tar,0.25
80,2700,latency,4.782645702
80,2700,tar,0.8
81,2700,latency,6.587707043
81,2700,tar,0.571428571
82,2700,latency,5.671365976
82,2700,tar,0.625
83,2700,latency,6.618437767
83,2700,tar,0.571428571
84,2700,latency,10.52588725
84,2700,tar,0.227272727
85,2700,latency,7.65302372
85,2700,tar,0.46875
86,2700,latency,8.885667324
86,2700,tar,0.35
87,2700,latency,9.496059895
87,2700,tar,0.325
88,2700,latency,7.574383736
88,2700,tar,0.40625
89,2700,latency,9.204859495
89,2700,tar,0.325
90,2700,latency,7.714962244
90,2700,tar,0.375
91,2700,latency,9.826164007
91,2700,tar,0.204545455
92,2700,latency,6.680812836
92,2700,tar,0.571428571
93,2700,latency,8.455794811
93,2700,tar,0.305555556
94,2700,latency,6.585336208
94,2700,tar,0.607142857
95,2700,latency,7.577198029
95,2700,tar,0.4375
96,2700,latency,6.640846014
96,2700,tar,0.464285714
97,2700,latency,6.322868586
97,2700,tar,0.464285714
98,2700,latency,8.720323563
98,2700,tar,0.388888889
99,2700,latency,6.506633759
99,2700,tar,0.535714286
0,1300,latency,4.481510401
0,1300,tar,0.95
1,1300,latency,8.818466902
1,1300,tar,0.25
2,1300,latency,8.776157379
2,1300,tar,0.25
3,1300,latency,7.083502769
3,1300,tar,0.40625
4,1300,latency,7.144389391
4,1300,tar,0.375
5,1300,latency,4.481189728
5,1300,tar,0.85
6,1300,latency,5.404349327
6,1300,tar,0.583333333
7,1300,latency,7.096779346
7,1300,tar,0.375
8,1300,latency,7.091031551
8,1300,tar,0.375
9,1300,latency,4.301502705
9,1300,tar,0.85
10,1300,latency,5.268095255
10,1300,tar,0.708333333
11,1300,latency,5.276711941
11,1300,tar,0.625
12,1300,latency,4.416851282
12,1300,tar,0.8
13,1300,latency,8.062642813
13,1300,tar,0.333333333
14,1300,latency,6.233509779
14,1300,tar,0.5
15,1300,latency,5.33041501
15,1300,tar,0.583333333
16,1300,latency,9.743824244
16,1300,tar,0.272727273
17,1300,latency,5.305117846
17,1300,tar,0.666666667
18,1300,latency,5.216981173
18,1300,tar,0.666666667
19,1300,latency,5.871716022
19,1300,tar,0.464285714
20,1300,latency,3.517925024
20,1300,tar,1
21,1300,latency,4.421712637
21,1300,tar,0.9
22,1300,latency,4.467327833
22,1300,tar,0.8
23,1300,latency,7.981408596
23,1300,tar,0.361111111
24,1300,latency,8.034415245
24,1300,tar,0.416666667
25,1300,latency,8.064856529
25,1300,tar,0.361111111
26,1300,latency,6.105056524
26,1300,tar,0.5
27,1300,latency,6.214099646
27,1300,tar,0.571428571
28,1300,latency,9.853497982
28,1300,tar,0.227272727
29,1300,latency,6.160606623
29,1300,tar,0.5
30,1300,latency,7.182585239
30,1300,tar,0.375
31,1300,latency,7.223953485
31,1300,tar,0.375
32,1300,latency,7.182361126
32,1300,tar,0.4375
33,1300,latency,4.520549536
33,1300,tar,0.8
34,1300,latency,9.02493906
34,1300,tar,0.325
35,1300,latency,10.73557925
35,1300,tar,0.229166667
36,1300,latency,9.855909824
36,1300,tar,0.295454545
37,1300,latency,6.280074358
37,1300,tar,0.535714286
38,1300,latency,6.220897436
38,1300,tar,0.571428571
39,1300,latency,10.76264882
39,1300,tar,0.229166667
40,1300,latency,8.011384487
40,1300,tar,0.333333333
41,1300,latency,4.466400146
41,1300,tar,0.8
42,1300,latency,7.178082705
42,1300,tar,0.5
43,1300,latency,7.056500912
43,1300,tar,0.40625
44,1300,latency,6.216995478
44,1300,tar,0.5
45,1300,latency,5.31609869
45,1300,tar,0.75
46,1300,latency,6.168438196
46,1300,tar,0.464285714
47,1300,latency,6.271041632
47,1300,tar,0.5
48,1300,latency,9.789431095
48,1300,tar,0.25
49,1300,latency,4.423551083
49,1300,tar,0.8
50,1300,latency,8.801419497
50,1300,tar,0.25
51,1300,latency,7.005921125
51,1300,tar,0.46875
52,1300,latency,6.210911274
52,1300,tar,0.535714286
53,1300,latency,7.008209944
53,1300,tar,0.375
54,1300,latency,6.279297352
54,1300,tar,0.571428571
55,1300,latency,6.159164429
55,1300,tar,0.5
56,1300,latency,8.104372025
56,1300,tar,0.333333333
57,1300,latency,7.169043064
57,1300,tar,0.46875
58,1300,latency,4.419901133
58,1300,tar,0.75
59,1300,latency,9.765905619
59,1300,tar,0.272727273
60,1300,latency,5.398843288
60,1300,tar,0.625
61,1300,latency,5.376425743
61,1300,tar,0.583333333
62,1300,latency,8.015744925
62,1300,tar,0.416666667
63,1300,latency,8.068298817
63,1300,tar,0.416666667
64,1300,latency,6.254633188
64,1300,tar,0.5
65,1300,latency,7.142012119
65,1300,tar,0.375
66,1300,latency,5.348312378
66,1300,tar,0.625
67,1300,latency,7.105264425
67,1300,tar,0.5
68,1300,latency,6.706978321
68,1300,tar,0.375
69,1300,latency,7.95072794
69,1300,tar,0.333333333
70,1300,latency,5.330418348
70,1300,tar,0.666666667
72,1300,latency,7.120331764
72,1300,tar,0.375
73,1300,latency,8.879303932
73,1300,tar,0.3
74,1300,latency,5.314457893
74,1300,tar,0.666666667
75,1300,latency,5.325358868
75,1300,tar,0.583333333
76,1300,latency,5.388890266
76,1300,tar,0.583333333
77,1300,latency,8.202090263
77,1300,tar,0.333333333
78,1300,latency,7.049239635
78,1300,tar,0.375
79,1300,latency,5.986986876
79,1300,tar,0.5
80,1300,latency,8.967013359
80,1300,tar,0.325
81,1300,latency,5.314338684
81,1300,tar,0.666666667
82,1300,latency,5.31159544
82,1300,tar,0.583333333
83,1300,latency,7.999108553
83,1300,tar,0.388888889
84,1300,latency,8.950423956
84,1300,tar,0.325
85,1300,latency,5.367963552
85,1300,tar,0.583333333
86,1300,latency,5.002522469
86,1300,tar,0.666666667
87,1300,latency,5.303560972
87,1300,tar,0.583333333
88,1300,latency,6.194677353
88,1300,tar,0.464285714
89,1300,latency,5.204209328
89,1300,tar,0.708333333
90,1300,latency,6.309888363
90,1300,tar,0.464285714
91,1300,latency,5.860442162
91,1300,tar,0.464285714
92,1300,latency,7.192879915
92,1300,tar,0.4375
93,1300,latency,6.18833828
93,1300,tar,0.464285714
94,1300,latency,7.924923897
94,1300,tar,0.305555556
95,1300,latency,10.61081147
95,1300,tar,0.229166667
96,1300,latency,6.215442181
96,1300,tar,0.571428571
97,1300,latency,3.360158682
97,1300,tar,1
98,1300,latency,6.370095015
98,1300,tar,0.464285714
99,1300,latency,4.359946728
99,1300,tar,0.75
0,350,latency,12.48453403
0,350,tar,0.142857143
1,350,latency,9.691678286
1,350,tar,0.227272727
2,350,latency,7.905415058
2,350,tar,0.305555556
3,350,latency,7.076236963
3,350,tar,0.375
4,350,latency,8.00254035
4,350,tar,0.305555556
5,350,latency,9.804132938
5,350,tar,0.295454545
6,350,latency,8.983792543
6,350,tar,0.3
7,350,latency,5.283410549
7,350,tar,0.625
8,350,latency,7.889489889
8,350,tar,0.305555556
9,350,latency,7.647995234
9,350,tar,0.388888889
10,350,latency,5.286071301
10,350,tar,0.625
11,350,latency,7.885068417
11,350,tar,0.305555556
12,350,latency,8.834539413
12,350,tar,0.275
13,350,latency,9.762576818
13,350,tar,0.25
14,350,latency,7.994425774
14,350,tar,0.305555556
15,350,latency,8.858651161
15,350,tar,0.25
16,350,latency,8.787870884
16,350,tar,0.35
17,350,latency,6.958133936
17,350,tar,0.5
18,350,latency,10.53522849
18,350,tar,0.1875
19,350,latency,10.87886667
19,350,tar,0.134615385
20,350,latency,7.819726229
20,350,tar,0.305555556
21,350,latency,5.244474888
21,350,tar,0.666666667
22,350,latency,7.107849836
22,350,tar,0.375
23,350,latency,6.167817116
23,350,tar,0.5
24,350,latency,8.886648178
24,350,tar,0.25
25,350,latency,7.125396252
25,350,tar,0.375
26,350,latency,8.844644785
26,350,tar,0.25
27,350,latency,8.849819183
27,350,tar,0.25
28,350,latency,9.820899248
28,350,tar,0.227272727
29,350,latency,9.735120773
29,350,tar,0.227272727
30,350,latency,10.68442154
30,350,tar,0.166666667
31,350,latency,5.358748674
31,350,tar,0.583333333
32,350,latency,7.176582336
32,350,tar,0.375
33,350,latency,7.202922821
33,350,tar,0.375
34,350,latency,8.054751635
34,350,tar,0.305555556
35,350,latency,9.830071688
35,350,tar,0.227272727
36,350,latency,11.58269477
36,350,tar,0.153846154
37,350,latency,9.8054564
37,350,tar,0.25
38,350,latency,7.959885597
38,350,tar,0.305555556
39,350,latency,8.966059685
39,350,tar,0.25
40,350,latency,8.812548876
40,350,tar,0.275
41,350,latency,7.101591825
41,350,tar,0.40625
42,350,latency,11.65058827
42,350,tar,0.153846154
43,350,latency,6.185634375
43,350,tar,0.464285714
44,350,latency,12.36339402
44,350,tar,0.107142857
45,350,latency,8.82053709
45,350,tar,0.275
46,350,latency,7.015728235
46,350,tar,0.40625
47,350,latency,8.022087336
47,350,tar,0.305555556
48,350,latency,13.31695366
48,350,tar,0.133333333
49,350,latency,6.170127869
49,350,tar,0.5
50,350,latency,4.393390417
50,350,tar,0.85
51,350,latency,8.704687119
51,350,tar,0.325
52,350,latency,7.080587864
52,350,tar,0.40625
53,350,latency,9.652041674
53,350,tar,0.227272727
54,350,latency,8.899031401
54,350,tar,0.3
55,350,latency,8.858914137
55,350,tar,0.275
56,350,latency,8.028505087
56,350,tar,0.305555556
57,350,latency,8.023689032
57,350,tar,0.305555556
58,350,latency,9.682244539
58,350,tar,0.204545455
59,350,latency,7.94086504
59,350,tar,0.333333333
60,350,latency,9.825845242
60,350,tar,0.204545455
61,350,latency,7.144497156
61,350,tar,0.46875
62,350,latency,8.000947714
62,350,tar,0.305555556
63,350,latency,10.68145776
63,350,tar,0.1875
64,350,latency,6.216130257
64,350,tar,0.464285714
65,350,latency,9.82000351
65,350,tar,0.204545455
66,350,latency,13.36984706
66,350,tar,0.083333333
67,350,latency,7.960757256
67,350,tar,0.416666667
68,350,latency,8.377199888
68,350,tar,0.275
69,350,latency,7.090324163
69,350,tar,0.375
70,350,latency,7.964183807
70,350,tar,0.305555556
72,350,latency,7.051961184
72,350,tar,0.40625
73,350,latency,8.877551317
73,350,tar,0.25
74,350,latency,10.6048224
74,350,tar,0.229166667
75,350,latency,5.28144002
75,350,tar,0.625
76,350,latency,9.79750514
76,350,tar,0.272727273
77,350,latency,9.082616568
77,350,tar,0.25
78,350,latency,6.126125813
78,350,tar,0.464285714
79,350,latency,9.573113918
79,350,tar,0.204545455
80,350,latency,7.125659227
80,350,tar,0.40625
81,350,latency,10.56233811
81,350,tar,0.166666667
82,350,latency,13.25996828
82,350,tar,0.083333333
83,350,latency,7.969882488
83,350,tar,0.305555556
84,350,latency,10.69754767
84,350,tar,0.166666667
85,350,latency,5.352626562
85,350,tar,0.583333333
86,350,latency,9.149944305
86,350,tar,0.204545455
87,350,latency,7.077577114
87,350,tar,0.375
88,350,latency,3.510978699
88,350,tar,1
89,350,latency,8.686733246
89,350,tar,0.25
90,350,latency,11.72072053
90,350,tar,0.153846154
91,350,latency,4.185508966
91,350,tar,0.8
92,350,latency,4.459752321
92,350,tar,0.85
93,350,latency,10.6073525
93,350,tar,0.25
94,350,latency,6.960291386
94,350,tar,0.4375
95,350,latency,7.861355305
95,350,tar,0.305555556
96,350,latency,5.279857635
96,350,tar,0.583333333
97,350,latency,7.632999182
97,350,tar,0.305555556
98,350,latency,5.414777517
98,350,tar,0.708333333
99,350,latency,9.528047323
99,350,tar,0.227272727
0,125,latency,7.262535572
0,125,tar,0.305555556
1,125,latency,13.63856006
1,125,tar,0.073529412
2,125,latency,13.57150984
2,125,tar,0.044117647
3,125,latency,4.810358047
3,125,tar,0.625
4,125,latency,4.856354713
4,125,tar,0.583333333
5,125,latency,6.501596212
5,125,tar,0.40625
6,125,latency,5.695422649
6,125,tar,0.5
7,125,latency,5.568870783
7,125,tar,0.535714286
8,125,latency,6.383099079
8,125,tar,0.375
9,125,latency,5.393041372
9,125,tar,0.464285714
10,125,latency,5.613825321
10,125,tar,0.464285714
11,125,latency,8.759921074
11,125,tar,0.227272727
12,125,latency,8.848481178
12,125,tar,0.25
13,125,latency,8.072160006
13,125,tar,0.25
14,125,latency,8.920863867
14,125,tar,0.227272727
15,125,latency,8.045158148
15,125,tar,0.3
16,125,latency,8.812133312
16,125,tar,0.25
17,125,latency,8.748741865
17,125,tar,0.204545455
18,125,latency,7.17437315
18,125,tar,0.305555556
19,125,latency,7.544718504
19,125,tar,0.275
20,125,latency,7.137260199
20,125,tar,0.361111111
21,125,latency,8.035322428
21,125,tar,0.275
22,125,latency,7.302181005
22,125,tar,0.305555556
23,125,latency,7.249793291
23,125,tar,0.305555556
24,125,latency,6.47377038
24,125,tar,0.40625
25,125,latency,8.896806002
25,125,tar,0.25
26,125,latency,9.607700825
26,125,tar,0.166666667
27,125,latency,4.800475597
27,125,tar,0.583333333
28,125,latency,8.930748701
28,125,tar,0.227272727
29,125,latency,7.223311663
29,125,tar,0.333333333
30,125,latency,8.108399868
30,125,tar,0.35
31,125,latency,7.310808897
31,125,tar,0.305555556
32,125,latency,4.884906292
32,125,tar,0.75
33,125,latency,9.012419939
33,125,tar,0.204545455
34,125,latency,10.60332727
34,125,tar,0.134615385
35,125,latency,8.115041733
35,125,tar,0.325
36,125,latency,10.52756739
36,125,tar,0.192307692
37,125,latency,8.086793184
37,125,tar,0.275
38,125,latency,8.819508076
38,125,tar,0.227272727
39,125,latency,8.129661798
39,125,tar,0.25
40,125,latency,11.20503759
40,125,tar,0.107142857
41,125,latency,8.881657362
41,125,tar,0.204545455
42,125,latency,7.293095827
42,125,tar,0.305555556
43,125,latency,13.62564087
43,125,tar,0.044117647
44,125,latency,8.848519802
44,125,tar,0.204545455
45,125,latency,9.577232838
45,125,tar,0.208333333
46,125,latency,5.581993818
46,125,tar,0.5
47,125,latency,8.916923761
47,125,tar,0.204545455
48,125,latency,8.875000477
48,125,tar,0.204545455
49,125,latency,7.211150885
49,125,tar,0.333333333
50,125,latency,7.212695837
50,125,tar,0.333333333
51,125,latency,8.011568785
51,125,tar,0.25
52,125,latency,8.055834532
52,125,tar,0.325
53,125,latency,6.41680479
53,125,tar,0.375
54,125,latency,10.51508451
54,125,tar,0.134615385
55,125,latency,11.96171737
55,125,tar,0.083333333
56,125,latency,8.080282211
56,125,tar,0.275
57,125,latency,7.292663813
57,125,tar,0.416666667
58,125,latency,7.182117462
58,125,tar,0.305555556
59,125,latency,9.623185158
59,125,tar,0.229166667
60,125,latency,10.52211475
60,125,tar,0.134615385
61,125,latency,6.5130198
61,125,tar,0.375
62,125,latency,9.646484375
62,125,tar,0.166666667
63,125,latency,7.309829473
63,125,tar,0.305555556
64,125,latency,13.7297914
64,125,tar,0.044117647
65,125,latency,8.075027466
65,125,tar,0.25
66,125,latency,9.70640111
66,125,tar,0.166666667
67,125,latency,9.642428637
67,125,tar,0.166666667
68,125,latency,5.379976988
68,125,tar,0.607142857
69,125,latency,7.164422989
69,125,tar,0.333333333
70,125,latency,5.630222321
70,125,tar,0.5
72,125,latency,7.245052338
72,125,tar,0.333333333
73,125,latency,8.057901382
73,125,tar,0.25
74,125,latency,9.593360662
74,125,tar,0.166666667
75,125,latency,6.449905157
75,125,tar,0.40625
76,125,latency,6.468444586
76,125,tar,0.46875
77,125,latency,10.73757172
77,125,tar,0.134615385
78,125,latency,9.602046251
78,125,tar,0.1875
79,125,latency,7.954514265
79,125,tar,0.325
80,125,latency,7.276763916
80,125,tar,0.305555556
81,125,latency,11.98722672
81,125,tar,0.083333333
82,125,latency,9.654908657
82,125,tar,0.166666667
83,125,latency,8.036488295
83,125,tar,0.275
84,125,latency,9.744635344
84,125,tar,0.1875
85,125,latency,7.264257431
85,125,tar,0.333333333
86,125,latency,6.769280672
86,125,tar,0.305555556
87,125,latency,8.066640139
87,125,tar,0.3
88,125,latency,6.402885914
88,125,tar,0.375
89,125,latency,12.65519714
89,125,tar,0.0625
90,125,latency,7.364866734
90,125,tar,0.361111111
91,125,latency,6.781646013
91,125,tar,0.333333333
92,125,latency,8.90614295
92,125,tar,0.25
93,125,latency,11.99251819
93,125,tar,0.116666667
94,125,latency,13.56516457
94,125,tar,0.044117647
95,125,latency,9.575440407
95,125,tar,0.1875
96,125,latency,8.869571447
96,125,tar,0.227272727
97,125,latency,11.43549538
97,125,tar,0.116666667
98,125,latency,10.69281554
98,125,tar,0.134615385
99,125,latency,7.830699682
99,125,tar,0.25
0,13000,latency,10.87167358
0,13000,tar,0.625
1,13000,latency,9.06507659
1,13000,tar,0.75
2,13000,latency,10.74370122
2,13000,tar,0.708333333
3,13000,latency,12.73539972
3,13000,tar,0.464285714
4,13000,latency,12.90003252
4,13000,tar,0.5
5,13000,latency,12.95349169
5,13000,tar,0.571428571
6,13000,latency,7.428967476
6,13000,tar,1
7,13000,latency,14.57138276
7,13000,tar,0.375
8,13000,latency,14.73231697
8,13000,tar,0.40625
9,13000,latency,12.34088731
9,13000,tar,0.571428571
10,13000,latency,14.58301044
10,13000,tar,0.40625
11,13000,latency,14.40685844
11,13000,tar,0.4375
12,13000,latency,16.52450037
12,13000,tar,0.416666667
13,13000,latency,12.88891339
13,13000,tar,0.607142857
14,13000,latency,14.74890542
14,13000,tar,0.375
15,13000,latency,12.85855746
15,13000,tar,0.5
16,13000,latency,14.76472187
16,13000,tar,0.40625
17,13000,latency,12.64128375
17,13000,tar,0.464285714
18,13000,latency,23.55088258
18,13000,tar,0.192307692
19,13000,latency,10.28003931
19,13000,tar,0.75
20,13000,latency,9.055875063
20,13000,tar,0.8
21,13000,latency,9.08449769
21,13000,tar,0.9
22,13000,latency,11.11885047
22,13000,tar,0.625
23,13000,latency,12.77626252
23,13000,tar,0.5
24,13000,latency,9.20787859
24,13000,tar,0.8
25,13000,latency,11.09337592
25,13000,tar,0.583333333
26,13000,latency,10.81417966
26,13000,tar,0.708333333
27,13000,latency,9.102017641
27,13000,tar,0.8
28,13000,latency,20.42564201
28,13000,tar,0.272727273
29,13000,latency,10.86671042
29,13000,tar,0.75
30,13000,latency,12.93361855
30,13000,tar,0.535714286
31,13000,latency,11.20601821
31,13000,tar,0.708333333
32,13000,latency,18.59295464
32,13000,tar,0.275
33,13000,latency,16.87102246
33,13000,tar,0.416666667
34,13000,latency,11.13821292
34,13000,tar,0.583333333
35,13000,latency,14.8920598
35,13000,tar,0.4375
36,13000,latency,11.1081605
36,13000,tar,0.75
37,13000,latency,18.54058576
37,13000,tar,0.3
38,13000,latency,12.83642244
38,13000,tar,0.607142857
39,13000,latency,16.79195285
39,13000,tar,0.361111111
40,13000,latency,10.99454546
40,13000,tar,0.75
41,13000,latency,9.198432446
41,13000,tar,0.9
42,13000,latency,12.93711185
42,13000,tar,0.464285714
43,13000,latency,12.80092192
43,13000,tar,0.535714286
44,13000,latency,14.55579996
44,13000,tar,0.4375
45,13000,latency,9.111277819
45,13000,tar,0.8
46,13000,latency,12.6683054
46,13000,tar,0.5
47,13000,latency,11.05233359
47,13000,tar,0.708333333
48,13000,latency,10.92461395
48,13000,tar,0.583333333
49,13000,latency,10.96585131
49,13000,tar,0.708333333
50,13000,latency,14.62768221
50,13000,tar,0.375
51,13000,latency,16.25381017
51,13000,tar,0.361111111
52,13000,latency,10.89136624
52,13000,tar,0.708333333
53,13000,latency,10.90797591
53,13000,tar,0.583333333
54,13000,latency,11.05661249
54,13000,tar,0.666666667
55,13000,latency,12.69234252
55,13000,tar,0.571428571
56,13000,latency,9.207411051
56,13000,tar,0.8
57,13000,latency,11.00914979
57,13000,tar,0.625
58,13000,latency,10.90530062
58,13000,tar,0.666666667
59,13000,latency,10.90533113
59,13000,tar,0.75
60,13000,latency,18.54181361
60,13000,tar,0.325
61,13000,latency,11.10498238
61,13000,tar,0.625
62,13000,latency,10.94435906
62,13000,tar,0.625
63,13000,latency,12.94354177
63,13000,tar,0.571428571
64,13000,latency,14.69995189
64,13000,tar,0.375
65,13000,latency,16.60421896
65,13000,tar,0.305555556
66,13000,latency,12.93094254
66,13000,tar,0.5
67,13000,latency,7.285730124
67,13000,tar,1
68,13000,latency,13.77828622
68,13000,tar,0.46875
69,13000,latency,11.0028007
69,13000,tar,0.625
70,13000,latency,12.78429246
70,13000,tar,0.535714286
72,13000,latency,9.170031548
72,13000,tar,0.75
73,13000,latency,16.44587302
73,13000,tar,0.361111111
74,13000,latency,10.97580886
74,13000,tar,0.75
75,13000,latency,14.69641638
75,13000,tar,0.375
76,13000,latency,9.186618328
76,13000,tar,0.8
77,13000,latency,13.16440272
77,13000,tar,0.5
78,13000,latency,9.093762159
78,13000,tar,0.9
79,13000,latency,10.60130048
79,13000,tar,0.583333333
80,13000,latency,14.73461342
80,13000,tar,0.40625
81,13000,latency,14.48701739
81,13000,tar,0.40625
82,13000,latency,20.21921897
82,13000,tar,0.227272727
83,13000,latency,11.04986095
83,13000,tar,0.75
84,13000,latency,11.09443355
84,13000,tar,0.75
85,13000,latency,14.8530221
85,13000,tar,0.4375
86,13000,latency,22.17521024
86,13000,tar,0.192307692
87,13000,latency,9.137927771
87,13000,tar,0.75
88,13000,latency,10.88599753
88,13000,tar,0.583333333
89,13000,latency,12.51340652
89,13000,tar,0.5
90,13000,latency,9.331637621
90,13000,tar,0.8
91,13000,latency,13.67184925
91,13000,tar,0.375
92,13000,latency,9.22274518
92,13000,tar,0.75
93,13000,latency,12.59440494
93,13000,tar,0.464285714
94,13000,latency,16.24822068
94,13000,tar,0.416666667
95,13000,latency,9.090246916
95,13000,tar,0.9
96,13000,latency,16.45969224
96,13000,tar,0.361111111
97,13000,latency,10.41229486
97,13000,tar,0.75
98,13000,latency,16.98738575
98,13000,tar,0.361111111
99,13000,latency,8.947452545
99,13000,tar,0.8
